title,first_price,Date
"Russell Athletic Men's Dri-Power Short Sleeve Tees, Moisture Wicking, Odor Protection, UPF 30+",7.85,2024-04-24
"Russell Athletic Men's Dri-Power Short Sleeve Tees, Moisture Wicking, Odor Protection, UPF 30+",7.85,2024-04-24
"Russell Athletic Men's Dri-Power Short Sleeve Tees, Moisture Wicking, Odor Protection, UPF 30+",7.85,2024-04-24
"Russell Athletic Men's Dri-Power Short Sleeve Tees, Moisture Wicking, Odor Protection, UPF 30+",7.85,2024-04-24
"Russell Athletic Men's Dri-Power Short Sleeve Tees, Moisture Wicking, Odor Protection, UPF 30+",7.85,2024-04-24
"Russell Athletic Men's Dri-Power Short Sleeve Tees, Moisture Wicking, Odor Protection, UPF 30+",7.85,2024-04-24
"Russell Athletic Men's Dri-Power Short Sleeve Tees, Moisture Wicking, Odor Protection, UPF 30+",7.85,2024-04-24
"Russell Athletic Men's Dri-Power Short Sleeve Tees, Moisture Wicking, Odor Protection, UPF 30+",7.85,2024-04-24
"Russell Athletic Men's Dri-Power Short Sleeve Tees, Moisture Wicking, Odor Protection, UPF 30+",7.85,2024-04-24
"Russell Athletic Men's Dri-Power Short Sleeve Tees, Moisture Wicking, Odor Protection, UPF 30+",7.85,2024-04-24
"Russell Athletic Men's Dri-Power Short Sleeve Tees, Moisture Wicking, Odor Protection, UPF 30+",7.85,2024-04-24
"Russell Athletic Men's Dri-Power Short Sleeve Tees, Moisture Wicking, Odor Protection, UPF 30+",7.85,2024-04-24
